{
  "model_mae": 4668.607276040871,
  "model_mape": 0.08012876018225015,
  "baseline_mae": 2315.4658413836987,
  "baseline_mape": 0.04826122179859089,
  "mlflow_run_id": "2624873ec51e4ea28c04cd700804f07c"
}