{
  "model_mae": 2650.1713543616797,
  "model_mape": 0.046188745017657,
  "baseline_mae": 2315.4658413836987,
  "baseline_mape": 0.04826122179859089,
  "mlflow_run_id": "017eba3324b84b2b92d28d8cd9a6e42f"
}